n,mode,trials,scramble_rounds,base_seed,backend,init_ms,scramble_ms,corner_ms,edge_ms,center_ms,total_ms
4096,optimized,3,8,42,byte,212.208333,2294.947333,10.737333,380.759667,26594.775000,29493.427667
4096,optimized,3,8,42,nibble,458.519667,2208.232667,8.890333,381.621667,29147.666667,32204.931000
4096,optimized,3,8,42,three_bit,778.912667,2004.459000,9.130000,393.999000,25844.939333,29031.440000
4096,optimized,3,8,42,third_byte,541.522000,3189.324333,12.884000,385.624667,35886.872667,40016.227667
